{
  "auth": {
    "s3transferimages1209709c757f": {
      "service": "Cognito",
      "providerPlugin": "awscloudformation",
      "dependsOn": [],
      "customAuth": false
    }
  },
  "function": {
    "S3Trigger765a1e0c": {
      "service": "Lambda",
      "providerPlugin": "awscloudformation",
      "build": true
    }
  },
  "storage": {
    "s3resource": {
      "service": "S3",
      "providerPlugin": "awscloudformation",
      "dependsOn": [
        {
          "category": "function",
          "resourceName": "S3Trigger765a1e0c",
          "attributes": [
            "Name",
            "Arn",
            "LambdaExecutionRole"
          ]
        }
      ]
    }
  }
}