{
  "providers": {
    "awscloudformation": {
      "AuthRoleName": "amplify-s3transferimages1209-dev-133644-authRole",
      "UnauthRoleArn": "arn:aws:iam::338509388327:role/amplify-s3transferimages1209-dev-133644-unauthRole",
      "AuthRoleArn": "arn:aws:iam::338509388327:role/amplify-s3transferimages1209-dev-133644-authRole",
      "Region": "us-east-1",
      "DeploymentBucketName": "amplify-s3transferimages1209-dev-133644-deployment",
      "UnauthRoleName": "amplify-s3transferimages1209-dev-133644-unauthRole",
      "StackName": "amplify-s3transferimages1209-dev-133644",
      "StackId": "arn:aws:cloudformation:us-east-1:338509388327:stack/amplify-s3transferimages1209-dev-133644/26d22ec0-39d8-11eb-94bc-0efb334d2cc7",
      "AmplifyAppId": "d3v7e8xk4xpi99"
    }
  },
  "auth": {
    "s3transferimages1209709c757f": {
      "service": "Cognito",
      "providerPlugin": "awscloudformation",
      "dependsOn": [],
      "customAuth": false,
      "providerMetadata": {
        "s3TemplateURL": "https://s3.amazonaws.com/amplify-s3transferimages1209-dev-133644-deployment/amplify-cfn-templates/auth/s3transferimages1209709c757f-cloudformation-template.yml",
        "logicalId": "auths3transferimages1209709c757f"
      },
      "lastPushTimeStamp": "2020-12-09T04:47:14.892Z",
      "output": {
        "AppClientSecret": "16gapc6jbas5e8subdub15ipm28imegmshkp3fbncccopndr0n77",
        "UserPoolId": "us-east-1_Ska5Xf3QC",
        "AppClientIDWeb": "2aot2hci10q28sifsp37r9qjic",
        "AppClientID": "4c41qgvk94coo0h0t4i7m62fte",
        "IdentityPoolId": "us-east-1:bbbca589-9dd3-4c5f-b3e4-f50fc6d56fc9",
        "IdentityPoolName": "s3transferimages1209709c757f_identitypool_709c757f__dev",
        "UserPoolName": "s3transferimages1209709c757f_userpool_709c757f"
      },
      "lastPushDirHash": "YKh9bQYp1xfwHpgtuUWES8v8A1E="
    }
  },
  "function": {
    "S3Trigger765a1e0c": {
      "service": "Lambda",
      "providerPlugin": "awscloudformation",
      "build": true,
      "lastBuildTimeStamp": "2020-12-09T04:43:23.944Z",
      "lastPackageTimeStamp": "2020-12-09T04:43:23.993Z",
      "distZipFilename": "S3Trigger765a1e0c-4950764e6d696279772b-build.zip",
      "providerMetadata": {
        "s3TemplateURL": "https://s3.amazonaws.com/amplify-s3transferimages1209-dev-133644-deployment/amplify-cfn-templates/function/S3Trigger765a1e0c-cloudformation-template.json",
        "logicalId": "functionS3Trigger765a1e0c"
      },
      "lastPushTimeStamp": "2020-12-09T04:47:14.895Z",
      "output": {
        "Region": "us-east-1",
        "Arn": "arn:aws:lambda:us-east-1:338509388327:function:S3Trigger765a1e0c-dev",
        "Name": "S3Trigger765a1e0c-dev",
        "LambdaExecutionRole": "S3Trigger765a1e0cLambdaRole765a1e0c-dev"
      },
      "lastPushDirHash": "6sYdULjSx+gJY6SgzeXNSXlPqH8="
    }
  },
  "storage": {
    "s3resource": {
      "service": "S3",
      "providerPlugin": "awscloudformation",
      "dependsOn": [
        {
          "category": "function",
          "resourceName": "S3Trigger765a1e0c",
          "attributes": [
            "Name",
            "Arn",
            "LambdaExecutionRole"
          ]
        }
      ],
      "providerMetadata": {
        "s3TemplateURL": "https://s3.amazonaws.com/amplify-s3transferimages1209-dev-133644-deployment/amplify-cfn-templates/storage/s3-cloudformation-template.json",
        "logicalId": "storages3resource"
      },
      "lastPushTimeStamp": "2020-12-09T04:47:14.899Z",
      "output": {
        "BucketName": "s3transferimages1209133644-dev",
        "Region": "us-east-1"
      },
      "lastPushDirHash": "F33DZ0/Gvuv0/+t3JnrlfWsWNgk="
    }
  }
}