{
    "UserAgent": "aws-amplify-cli/2.0",
    "Version": "1.0",
    "auth": {
        "plugins": {
            "awsCognitoAuthPlugin": {
                "UserAgent": "aws-amplify-cli/0.1.0",
                "Version": "0.1.0",
                "IdentityManager": {
                    "Default": {}
                },
                "CredentialsProvider": {
                    "CognitoIdentity": {
                        "Default": {
                            "PoolId": "us-east-1:bbbca589-9dd3-4c5f-b3e4-f50fc6d56fc9",
                            "Region": "us-east-1"
                        }
                    }
                },
                "CognitoUserPool": {
                    "Default": {
                        "PoolId": "us-east-1_Ska5Xf3QC",
                        "AppClientId": "4c41qgvk94coo0h0t4i7m62fte",
                        "AppClientSecret": "16gapc6jbas5e8subdub15ipm28imegmshkp3fbncccopndr0n77",
                        "Region": "us-east-1"
                    }
                },
                "Auth": {
                    "Default": {
                        "authenticationFlowType": "USER_SRP_AUTH"
                    }
                },
                "S3TransferUtility": {
                    "Default": {
                        "Bucket": "s3transferimages1209133644-dev",
                        "Region": "us-east-1"
                    }
                }
            }
        }
    },
    "storage": {
        "plugins": {
            "awsS3StoragePlugin": {
                "bucket": "s3transferimages1209133644-dev",
                "region": "us-east-1",
                "defaultAccessLevel": "guest"
            }
        }
    }
}